{"cameraMode":{"drawMode":0,"name":"Shaded","section":"Shading Mode"},"sceneLighting":false,"audioPlay":false,"sceneViewState":{"showFog":true,"showMaterialUpdate":false,"showSkybox":false,"showFlares":true,"showImageEffects":true,"showParticleSystems":true},"in2DMode":false,"pivot":{"x":-0.183837890625,"y":0.281005859375,"z":-0.514404296875},"rotation":{"x":-0.09173937886953354,"y":0.8962130546569824,"z":-0.21961256861686707,"w":-0.3743777573108673},"size":1.7617180347442628,"orthographic":true}