{"cameraMode":{"drawMode":0,"name":"Shaded","section":"Shading Mode"},"sceneLighting":true,"audioPlay":false,"sceneViewState":{"showFog":true,"showMaterialUpdate":false,"showSkybox":true,"showFlares":true,"showImageEffects":true,"showParticleSystems":true},"in2DMode":false,"pivot":{"x":163.86322021484376,"y":473.8988037109375,"z":0.0},"rotation":{"x":-0.054050806909799579,"y":0.9403488636016846,"z":-0.17871269583702088,"w":-0.2844044864177704},"size":237.13009643554688,"orthographic":false}