{"cameraMode":{"drawMode":0,"name":"Shaded","section":"Shading Mode"},"sceneLighting":true,"audioPlay":false,"sceneViewState":{"showFog":true,"showMaterialUpdate":false,"showSkybox":true,"showFlares":true,"showImageEffects":true,"showParticleSystems":true},"in2DMode":false,"pivot":{"x":7.792800426483154,"y":-3.5014023780822756,"z":6.3427734375},"rotation":{"x":-0.09173937886953354,"y":0.8962130546569824,"z":-0.21961256861686707,"w":-0.3743777573108673},"size":18.03839111328125,"orthographic":true}