{"cameraMode":{"drawMode":0,"name":"Shaded","section":"Shading Mode"},"sceneLighting":true,"audioPlay":false,"sceneViewState":{"showFog":true,"showMaterialUpdate":false,"showSkybox":true,"showFlares":true,"showImageEffects":true,"showParticleSystems":true},"in2DMode":false,"pivot":{"x":393.661865234375,"y":181.32022094726563,"z":0.0},"rotation":{"x":0.0074486578814685349,"y":0.1167299672961235,"z":-0.000875491532497108,"w":0.9931361079216003},"size":1742.8675537109375,"orthographic":true}