{"cameraMode":{"drawMode":0,"name":"Shaded","section":"Shading Mode"},"sceneLighting":false,"audioPlay":false,"sceneViewState":{"showFog":true,"showMaterialUpdate":false,"showSkybox":false,"showFlares":true,"showImageEffects":true,"showParticleSystems":true},"in2DMode":false,"pivot":{"x":2.9802322387695315e-8,"y":0.5,"z":-5.960464477539063e-8},"rotation":{"x":-0.09173937886953354,"y":0.8962130546569824,"z":-0.21961256861686707,"w":-0.3743777573108673},"size":1.7617180347442628,"orthographic":true}