{"cameraMode":{"drawMode":0,"name":"Shaded","section":"Shading Mode"},"sceneLighting":true,"audioPlay":false,"sceneViewState":{"showFog":true,"showMaterialUpdate":false,"showSkybox":true,"showFlares":true,"showImageEffects":true,"showParticleSystems":true},"in2DMode":false,"pivot":{"x":1.0711331367492676,"y":-12.5152006149292,"z":3.327451705932617},"rotation":{"x":0.20268270373344422,"y":-0.16219373047351838,"z":0.03406203165650368,"w":0.9651182293891907},"size":508.29156494140627,"orthographic":true}