{"cameraMode":{"drawMode":0,"name":"Shaded","section":"Shading Mode"},"sceneLighting":true,"audioPlay":false,"sceneViewState":{"showFog":true,"showMaterialUpdate":false,"showSkybox":true,"showFlares":true,"showImageEffects":true,"showParticleSystems":true},"in2DMode":false,"pivot":{"x":680.30322265625,"y":304.80584716796877,"z":-4.429443359375},"rotation":{"x":-0.005999708082526922,"y":0.0089997174218297,"z":0.000053997508075553924,"w":0.9999414682388306},"size":864.2252197265625,"orthographic":false}