{"cameraMode":{"drawMode":0,"name":"Shaded","section":"Shading Mode"},"sceneLighting":false,"audioPlay":false,"sceneViewState":{"showFog":true,"showMaterialUpdate":true,"showSkybox":false,"showFlares":true,"showImageEffects":true,"showParticleSystems":true},"in2DMode":false,"pivot":{"x":30.710962295532228,"y":-22.100078582763673,"z":-2.0393218994140627},"rotation":{"x":0.00449018832296133,"y":0.06595143675804138,"z":-0.000296783575322479,"w":0.9978126883506775},"size":233.34524536132813,"orthographic":false}